{
  "Ansi 3 Color" : {
    "Red Component" : 0.95424550771713257,
    "Color Space" : "sRGB",
    "Blue Component" : 0.73977071046829224,
    "Alpha Component" : 1,
    "Green Component" : 0.89557892084121704
  },
  "Tags" : [

  ],
  "Ansi 12 Color" : {
    "Red Component" : 0.64253133535385132,
    "Color Space" : "sRGB",
    "Blue Component" : 0.96320301294326782,
    "Alpha Component" : 1,
    "Green Component" : 0.7981533408164978
  },
  "Ansi 7 Color" : {
    "Red Component" : 0.88934963941574097,
    "Color Space" : "sRGB",
    "Blue Component" : 0.83725392818450928,
    "Alpha Component" : 1,
    "Green Component" : 0.88780373334884644
  },
  "Draw Powerline Glyphs" : true,
  "Bold Color" : {
    "Red Component" : 0.88934963941574097,
    "Color Space" : "sRGB",
    "Blue Component" : 0.83725392818450928,
    "Alpha Component" : 1,
    "Green Component" : 0.88780373334884644
  },
  "Ansi 8 Color" : {
    "Red Component" : 0.51065754890441895,
    "Color Space" : "sRGB",
    "Blue Component" : 0.5741647481918335,
    "Alpha Component" : 1,
    "Green Component" : 0.62844955921173096
  },
  "Ansi 9 Color" : {
    "Red Component" : 0.89354842901229858,
    "Color Space" : "sRGB",
    "Blue Component" : 0.698810875415802,
    "Alpha Component" : 1,
    "Green Component" : 0.703563392162323
  },
  "Ansi 4 Color" : {
    "Red Component" : 0.39215686917304993,
    "Color Space" : "sRGB",
    "Blue Component" : 0.93333333730697632,
    "Alpha Component" : 1,
    "Green Component" : 0.67450982332229614
  },
  "Rows" : 25,
  "Default Bookmark" : "No",
  "Ansi 5 Color" : {
    "Red Component" : 0.89510983228683472,
    "Color Space" : "sRGB",
    "Blue Component" : 0.80781072378158569,
    "Alpha Component" : 1,
    "Green Component" : 0.63198179006576538
  },
  "Cursor Guide Color" : {
    "Red Component" : 0.70213186740875244,
    "Color Space" : "sRGB",
    "Blue Component" : 1,
    "Alpha Component" : 0.25,
    "Green Component" : 0.9268307089805603
  },
  "Non-ASCII Anti Aliased" : true,
  "Use Bright Bold" : true,
  "Ansi 10 Color" : {
    "Red Component" : 0.80792945623397827,
    "Color Space" : "sRGB",
    "Blue Component" : 0.68486851453781128,
    "Alpha Component" : 1,
    "Green Component" : 0.7914462685585022
  },
  "Ambiguous Double Width" : false,
  "Jobs to Ignore" : [
    "rlogin",
    "ssh",
    "slogin",
    "telnet"
  ],
  "Ansi 15 Color" : {
    "Red Component" : 0.99999600648880005,
    "Color Space" : "sRGB",
    "Blue Component" : 1,
    "Alpha Component" : 1,
    "Green Component" : 1
  },
  "Foreground Color" : {
    "Red Component" : 0.88934963941574097,
    "Color Space" : "sRGB",
    "Blue Component" : 0.83725392818450928,
    "Alpha Component" : 1,
    "Green Component" : 0.88780373334884644
  },
  "Working Directory" : "\/Users\/britton.jenner",
  "Blinking Cursor" : false,
  "Disable Window Resizing" : true,
  "Sync Title" : false,
  "Prompt Before Closing 2" : false,
  "BM Growl" : true,
  "Mouse Reporting" : true,
  "Command" : "",
  "Description" : "Default",
  "Screen" : -1,
  "Selection Color" : {
    "Red Component" : 0.16991502046585083,
    "Color Space" : "sRGB",
    "Blue Component" : 0.24185416102409363,
    "Alpha Component" : 1,
    "Green Component" : 0.25409692525863647
  },
  "Only The Default BG Color Uses Transparency" : true,
  "Columns" : 80,
  "Idle Code" : 0,
  "Ansi 13 Color" : {
    "Red Component" : 0.946666419506073,
    "Color Space" : "sRGB",
    "Blue Component" : 0.8604087233543396,
    "Alpha Component" : 1,
    "Green Component" : 0.6589997410774231
  },
  "Custom Command" : "No",
  "ASCII Anti Aliased" : true,
  "Non Ascii Font" : "Monaco 12",
  "Vertical Spacing" : 1,
  "Use Bold Font" : true,
  "Option Key Sends" : 0,
  "Selected Text Color" : {
    "Red Component" : 0.80210644006729126,
    "Color Space" : "sRGB",
    "Blue Component" : 0.55066823959350586,
    "Alpha Component" : 1,
    "Green Component" : 0.86700904369354248
  },
  "Background Color" : {
    "Red Component" : 0.3147013783454895,
    "Color Space" : "sRGB",
    "Blue Component" : 0.31470513343811035,
    "Alpha Component" : 1,
    "Green Component" : 0.31470957398414612
  },
  "Character Encoding" : 4,
  "Ansi 11 Color" : {
    "Red Component" : 0.90342730283737183,
    "Color Space" : "sRGB",
    "Blue Component" : 0.68454962968826294,
    "Alpha Component" : 1,
    "Green Component" : 0.84373503923416138
  },
  "Use Italic Font" : true,
  "Unlimited Scrollback" : false,
  "Keyboard Map" : {
    "0xf728-0x80000" : {
      "Action" : 10,
      "Text" : "d"
    },
    "0xf702-0x280000" : {
      "Action" : 10,
      "Text" : "b"
    },
    "0xf70d-0x20000" : {
      "Action" : 10,
      "Text" : "[21;2~"
    },
    "0x7f-0x80000" : {
      "Action" : 11,
      "Text" : "0x1b 0x7f"
    },
    "0xf708-0x20000" : {
      "Action" : 10,
      "Text" : "[15;2~"
    },
    "0x33-0x40000" : {
      "Action" : 11,
      "Text" : "0x1b"
    },
    "0xf703-0x260000" : {
      "Action" : 10,
      "Text" : "[1;6C"
    },
    "0xf729-0x20000" : {
      "Action" : 10,
      "Text" : "[1;2H"
    },
    "0xf702-0x260000" : {
      "Action" : 10,
      "Text" : "[1;6D"
    },
    "0x38-0x40000" : {
      "Action" : 11,
      "Text" : "0x7f"
    },
    "0xf72b-0x40000" : {
      "Action" : 10,
      "Text" : "[1;5F"
    },
    "0xf70c-0x20000" : {
      "Action" : 10,
      "Text" : "[20;2~"
    },
    "0xf701-0x260000" : {
      "Action" : 10,
      "Text" : "[1;6B"
    },
    "0x32-0x40000" : {
      "Action" : 11,
      "Text" : "0x00"
    },
    "0xf707-0x20000" : {
      "Action" : 10,
      "Text" : "[1;2S"
    },
    "0xf703-0x240000" : {
      "Action" : 10,
      "Text" : "[1;5C"
    },
    "0xf700-0x260000" : {
      "Action" : 10,
      "Text" : "[1;6A"
    },
    "0xf702-0x240000" : {
      "Action" : 10,
      "Text" : "[1;5D"
    },
    "0xf703-0x300000" : {
      "Action" : 11,
      "Text" : "0x5"
    },
    "0x37-0x40000" : {
      "Action" : 11,
      "Text" : "0x1f"
    },
    "0x3-0x200000" : {
      "Action" : 11,
      "Text" : "0xd"
    },
    "0xf701-0x240000" : {
      "Action" : 10,
      "Text" : "[1;5B"
    },
    "0xf702-0x300000" : {
      "Action" : 11,
      "Text" : "0x1"
    },
    "0xf703-0x220000" : {
      "Action" : 10,
      "Text" : "[1;2C"
    },
    "0xf739-0x0" : {
      "Action" : 13,
      "Text" : ""
    },
    "0xf70b-0x20000" : {
      "Action" : 10,
      "Text" : "[19;2~"
    },
    "0xf728-0x0" : {
      "Action" : 11,
      "Text" : "0x4"
    },
    "0xf706-0x20000" : {
      "Action" : 10,
      "Text" : "[1;2R"
    },
    "0xf700-0x240000" : {
      "Action" : 10,
      "Text" : "[1;5A"
    },
    "0xf702-0x220000" : {
      "Action" : 10,
      "Text" : "[1;2D"
    },
    "0x36-0x40000" : {
      "Action" : 11,
      "Text" : "0x1e"
    },
    "0xf70f-0x20000" : {
      "Action" : 10,
      "Text" : "[24;2~"
    },
    "0xf701-0x220000" : {
      "Action" : 10,
      "Text" : "[1;2B"
    },
    "0xf70a-0x20000" : {
      "Action" : 10,
      "Text" : "[18;2~"
    },
    "0xf729-0x40000" : {
      "Action" : 10,
      "Text" : "[1;5H"
    },
    "0xf72b-0x20000" : {
      "Action" : 10,
      "Text" : "[1;2F"
    },
    "0xf700-0x220000" : {
      "Action" : 10,
      "Text" : "[1;2A"
    },
    "0x30-0x200000" : {
      "Action" : 12,
      "Text" : "0"
    },
    "0xf705-0x20000" : {
      "Action" : 10,
      "Text" : "[1;2Q"
    },
    "0x31-0x200000" : {
      "Action" : 12,
      "Text" : "1"
    },
    "0x33-0x200000" : {
      "Action" : 12,
      "Text" : "3"
    },
    "0x35-0x40000" : {
      "Action" : 11,
      "Text" : "0x1d"
    },
    "0x34-0x200000" : {
      "Action" : 12,
      "Text" : "4"
    },
    "0x32-0x200000" : {
      "Action" : 12,
      "Text" : "2"
    },
    "0x35-0x200000" : {
      "Action" : 12,
      "Text" : "5"
    },
    "0x36-0x200000" : {
      "Action" : 12,
      "Text" : "6"
    },
    "0x37-0x200000" : {
      "Action" : 12,